Date,Title,URL
"5-18-2016","Illness inflation: How everyday conditions become medical disorders","http://www.jsonline.com/watchdog/Illness-inflation-how-everyday-conditions-become-medical-disorders-380291351.html"
"5-21-2016","Drugs for treatment of adult ADHD carry risk of dependence, abuse","http://www.jsonline.com/watchdog/watchdogreports/drug-for-treatment-of-adult-adhd-carries-risk-of-addiction-abuse-b99725282z1-380007321.html"
"5-21-2016","From 'gluttony' to the medical mainstream: Is binge eating a disorder or simply an unhealthy habit?","http://www.jsonline.com/watchdog/watchdogreports/from-gluttony-to-the-medical-mainstream-is-binge-eating-a-disorder-or-simply-an-unhealthy-habit-b997-380004701.html"
"5-21-2016","Millions may have 'intermittent explosive disorder.' But critics say it is just bad behavior","http://www.jsonline.com/watchdog/watchdogreports/millions-may-have-intermittent-explosive-disorder--but-critics-say-it-is-just-bad-behavior-b99-379986691.html"
"5-21-2016","New and expanded medical definitions create more patients — and a lucrative market for drug firms","http://www.jsonline.com/watchdog/watchdogreports/new-and-expanded-medical-definitions-create-more-patients--and-a-lucrative-market-for-drug-firms--379981751.html"
"5-18-2016","What's the real cost of your student loans?","http://www.jsonline.com/business/whats-the-real-cost-of-your-student-loans-379971231.html"
"5-14-2016","Community plays a role in helping ex-prisoners","http://www.jsonline.com/news/crime/community-plays-a-role-in-helping-ex-prisoners-b99718342z1-379536211.html"
"4-25-2016","Former UW star Devin Harris behind company that racked up nearly $200,000 in building code violations","http://www.jsonline.com/watchdog/watchdogreports/former-uw-star-devin-harris-behind-company-that-racked-up-nearly-200000-in-building-code-violation-b-376849101.html"
"4-22-2016","Tenants pay the price when landlords don't keep properties up to code","http://www.jsonline.com/watchdog/watchdogreports/tenants-pay-the-price-when-landlords-dont-keep-properties-up-to-code-b99696740z1-376774681.html"
"4-22-2016","As fines pile up, problem landlords buy more homes with cash — and neighborhoods pay the price","http://www.jsonline.com/watchdog/watchdogreports/as-fines-pile-up-problem-landlords-buy-more-homes-with-cash--and-neighborhoods-pay-the-price-b996788-376768471.html"
"4-13-2016","Beer Near: A guide to Wisconsin breweries","http://www.jsonline.com/entertainment/beer/wisconsin-beer-near-375581371.html"
"4-22-2016","Courting Millennials","http://www.jsonline.com/business/2016-top-workplaces-375568411.html"
"4-6-2016","'Living in two worlds'","http://www.jsonline.com/news/usandworld/living-in-two-worlds-b99698390z1-374841541.html"
"4-5-2016","2016 Wisconsin Primary Election Exit Polls","http://www.jsonline.com/news/statepolitics/2016-Wisconsin-Primary-Election-Exit-Polls-374606101.html"
"3-29-2016","Atrocities, past and present, come together as Syrian refugees start to settle in Germany","http://www.jsonline.com/news/usandworld/atrocities-past-and-present-come-together-as-syrian-refugees-start-to-settle-in-germany-373846791.html"
"3-28-2016","Gamble to stay will pay off for readers","http://www.jsonline.com/news/usandworld/gamble-to-stay-will-pay-off-for-readers-373721081.html"
"3-28-2016","Safety comes first, but it is not enough","http://www.jsonline.com/news/usandworld/safety-comes-first-but-it-is-not-enough-373717791.html"
"3-27-2016","Syrian refugees wait, attempt to build a home in Germany","http://www.jsonline.com/news/usandworld/syrian-refugees-wait-attempt-to-build-a-home-in-germany-373670621.html"
"3-26-2016","Syrian torture leads to lingering fears","http://www.jsonline.com/news/usandworld/syrian-torture-leads-to-lingering-fears-373624561.html"
"3-24-2016","A final view of the refugee camp","http://www.jsonline.com/news/usandworld/a-final-view-of-the-refugee-camp-373421081.html"
"3-24-2016","From ‘fixer’ to friend","http://www.jsonline.com/news/usandworld/from-fixer-to-friend-373416171.html"
"3-22-2016","A small comfort for a burned child","http://www.jsonline.com/news/usandworld/a-small-comfort-for-a-burned-child-373241031.html"
"3-23-2016","For one Syrian family, multiple health problems","http://www.jsonline.com/news/usandworld/for-one-syrian-family-multiple-health-problems-373239051.html"
"3-22-2016","Doctor's little white lie gets patient to quit smoking","http://www.jsonline.com/news/usandworld/doctors-little-white-lie-gets-patient-to-quit-smoking-373110461.html"
"3-22-2016","Sometimes, a camera can be an emotional shield","http://www.jsonline.com/news/usandworld/using-sensitivity-in-capturing-emotionally-charged-situations-373102791.html"
"3-22-2016","Sacrificing food for medicine is common practice among refugees","http://www.jsonline.com/news/usandworld/sacrificing-food-for-medicine-is-common-practice-among-refugees-373094651.html"
"3-21-2016","Truth and photojournalism","http://www.jsonline.com/news/usandworld/truth-and-photojournalism-372991431.html"
"3-20-2016","The children of Zaatari refugee camp","http://www.jsonline.com/news/usandworld/the-children-of-zaatari-refugee-camp-372971331.html"
"3-21-2016","A childs trauma: Being buried in your own home","http://www.jsonline.com/news/usandworld/a-childs-trauma-being-buried-in-your-own-home-372966371.html"
"3-21-2016","Mother's Day in Zaatari refugee camp","http://www.jsonline.com/news/usandworld/mothers-day-in-zaatari-refugee-camp-372963161.html"
"3-20-2016","Cultural differences present challenges behind the lens","http://www.jsonline.com/news/usandworld/the-challenges-of-building-a-rapport-among-refugees-372876751.html"
"3-20-2016","The children of Zaatari","http://www.jsonline.com/news/usandworld/the-children-of-zaatari-372869691.html"
"3-20-2016","'In Zaatari there is no sunset'","http://www.jsonline.com/news/usandworld/in-zaatari-there-is-no-sunset-372842061.html"
"3-19-2016","Wisconsin doctors, volunteers arrive in Jordan for medical mission","http://www.jsonline.com/news/usandworld/wisconsin-doctors-volunteers-arrive-in-Jordan-for-medical-mission-372690921.html"
"3-19-2016","A night in Jordan's Seven Wonders Bedouin Camp","http://www.jsonline.com/news/usandworld/seven-wonders-bedouin-camp-372672501.html"
"3-17-2016","On the way to Jordan","http://www.jsonline.com/news/usandworld/on-the-way-to-jordan-372579792.html"
"3-18-2016","Ripples from violence reach an ancient city","http://www.jsonline.com/news/usandworld/ripples-from-violence-reach-an-ancient-city-372564512.html"
"3-17-2016","Let's learn to build a new Milwaukee","http://www.jsonline.com/news/opinion/Lets-learn-to-build-a-new-Milwaukee-372485421.html"
"3-17-2016","Wisconsin volunteers to go overseas to help Syrian refugees","http://www.jsonline.com/news/usandworld/wisconsin-volunteers-to-go-overseas-to-help-syrian-refugees-b99685768z1-372407461.html"
"3-16-2016","Is hosting a classic dinner party worth the fuss?","http://www.jsonline.com/features/is-hosting-a-classic-dinner-party-worth-the-fuss-b99677455z1-372146611.html"
"3-12-2016","Spotlight dimming on disclosure","http://www.jsonline.com/news/statepolitics/spotlight-dimming-on-disclosure-b99672163z1-371878161.html"
"2-19-2016","On 40th anniversary of John Zera murder, police pin their hopes on DNA","http://www.jsonline.com/news/crime/on-40th-anniversary-of-john-zera-murder-police-put-their-hopes-in-dna-b99669360z1-369474932.html"
"2-13-2016","Violence Interrupted: Rochester, N.Y., police keep one step ahead of street disputes","http://www.jsonline.com/news/crime/violence-interrupted-b99665860z1-368719991.html"
"2-6-2016","For epilepsy patient, brain stimulation offers jolt of hope","http://www.jsonline.com/news/health/for-epilepsy-patient-brain-stimulation-offers-jolt-of-hope-b99656314z1-367922341.html"
"1-29-2016","Woman loses her lifeline, independence","http://www.jsonline.com/news/crime/woman-loses-her-lifeline-independence-b99655680z1-366986441.html"
"1-29-2016","Unsolved killing on Milwaukee streets haunts sister","http://www.jsonline.com/news/crime/unsolved-killing-on-milwaukee-streets-haunts-sister-b99655904z1-366985661.html"
"1-29-2016","Family can't fill void after senseless death outside tavern","http://www.jsonline.com/news/crime/family-cant-fill-void-after-senseless-death-outside-tavern-b99655682z1-366985221.html"
"1-29-2016","Flynn ties homicide rise to ease of getting guns","http://www.jsonline.com/news/crime/flynn-ties-homicide-rise-to-ease-of-getting-guns-b99655801z1-366983841.html"
"1-28-2016","Homicides soar in Milwaukee, along with many theories on cause","http://www.jsonline.com/news/crime/homicides-soar-along-with-many-theories-on-cause-b99653861z1-366891381.html"
"1-21-2016","5 Wisconsin Bands to Watch for 2016","http://www.jsonline.com/entertainment/musicandnightlife/five-wisconsin-bands-to-watch-for-2016-b99651155z1-365461171.html"
"1-9-2016","Boys playing with gun ends in tragedy","http://www.jsonline.com/news/crime/boys-playing-with-gun-ends-in-tragedy-b99646315z1-364752021.html"
"12-30-2015","Danger brewing for coffee roasters","http://www.jsonline.com/watchdog/watchdogreports/trouble-brewing-at-work-b99634143z1-363740781.html"
"12-20-2015","Loneliness hits seniors whose spouses are still around but have Alzheimer's","http://www.jsonline.com/news/wisconsin/loneliness-hits-seniors-whose-spouses-are-still-around-but-have-alzheimers-b99607978z1-363086961.html"
"12-20-2015","Resources available for seniors, caregivers","http://www.jsonline.com/news/wisconsin/resources-available-for-seniors-caregivers-b99636121z1-363085631.html"
"12-19-2015","Loneliness darkens twilight years","http://www.jsonline.com/news/wisconsin/loneliness-darkens-twilight-years-b99633777z1-363049741.html"
"12-19-2015","Family helps Grafton senior living alone stay engaged","http://www.jsonline.com/news/wisconsin/family-helps-grafton-senior-living-alone-stay-engaged-b99630389z1-363048211.html"
"12-18-2015","Special Delivery","http://www.jsonline.com/entertainment/special-delivery-b99630916z1-362935971.html"
"12-5-2015","Bills add up when someone is shot, and costs spill over to taxpayers","http://www.jsonline.com/news/crime/bills-add-up-when-someone-is-shot-and-costs-spill-over-to-taxpayers-b99623117z1-360691831.html"
"12-16-2015","Unsolved | A new beginning","http://www.jsonline.com/watchdog/watchdogreports/unsolved--a-new-beginning-b99541095z1-362414631.html"
"12-12-2015","Separate drug had its breast cancer approval revoked","http://www.jsonline.com/watchdog/watchdogreports/separate-drug-had-its-breast-cancer-approval-revoked-b99631703z1-361673331.html"
"12-12-2015","FDA repeatedly approved cancer drug Afinitor without proof it extended life","http://www.jsonline.com/watchdog/watchdogreports/fda-repeatedly-approved-cancer-drug-afinitor-without-proof-it-extended-life-b99628814z1-361607291.html"
"12-9-2015","Unsolved | Blinded by science","http://www.jsonline.com/watchdog/watchdogreports/unsolved--blinded-by-science-b99541091z1-360835951.html"
"12-2-2015","Unsolved | What did we miss?","http://www.jsonline.com/watchdog/watchdogreports/unsolved--what-did-we-miss-b99541087z1-359572041.html"
"11-27-2015","100 books for holiday gift-giving","http://www.jsonline.com/entertainment/books/100-books-for-holiday-gift-giving-b99602441z1-355922681.html"
"11-25-2015","Holiday TV guide 2015","http://www.jsonline.com/entertainment/tvradio/holiday-tv-guide-2015-b99615880z1-353859891.html"
"11-25-2015","Unsolved | Citizen detective","http://www.jsonline.com/watchdog/watchdogreports/unsolved--citizen-detective-b99541085z1-353173931.html"
"11-24-2015","Art City contributors discover new, old favorites at the Milwaukee Art Museum","http://www.jsonline.com/entertainment/arts/art-city-contributors-discover-new-old-favorites-at-the-milwaukee-art-museum-b99620415z1-353068081.html"
"11-17-2015","Guide to hosting Thanksgiving","http://www.jsonline.com/features/guide-to-hosting-thanksgiving-b99615186z1-351129401.html"
"11-18-2015","Unsolved | A chilling discovery","http://www.jsonline.com/watchdog/watchdogreports/unsolved--a-chilling-discovery-b99541083z1-351038391.html"
"11-13-2015","Rethinking story of art transforms Milwaukee Art Museum","http://www.jsonline.com/entertainment/arts/rethinking-story-of-art-transforms-milwaukee-art-museum-b99612476z1-347569991.html"
"11-13-2015","Milwaukee Art Museum's new lakefront atrium a gracious, rugged success","http://www.jsonline.com/entertainment/arts/milwaukee-art-museums-new-lakefront-atrium-a-gracious-rugged-success-b99612473z1-347562991.html"
"11-11-2015","Unsolved | Where do we start?","http://www.jsonline.com/watchdog/watchdogreports/unsolved--where-do-we-start-b99541079z1-344852602.html"
"11-4-2015","Unsolved | Have you seen Johnny?","http://www.jsonline.com/watchdog/unsolved-the-search-for-john-zeras-killer-b99541076z1-339934181.html"
"10-31-2015","Common medical tests escape scrutiny but often fall short","http://www.jsonline.com/watchdog/watchdogreports/common-medical-tests-escape-scrutiny-but-often-fall-short-1-b99570945z1-338990781.html"
"10-24-2015","'The beauty of the brain'","http://www.jsonline.com/news/The-beauty-of-the-brain-336062451.html"
"10-20-2015","Other harmful chemicals found in smoke juice","http://www.jsonline.com/watchdog/watchdogreports/other-harmful-chemicals-found-in-smoke-juice-b99596321z1-334869991.html"
"10-20-2015","More Marquette University students have tried e-cigs than tobacco cigarettes, survey says","http://www.jsonline.com/watchdog/watchdogreports/more-marquette-university-students-have-tried-e-cigs-than-tobacco-cigarettes-survey-says-b99499173z1-334833951.html"
"10-20-2015","Lab tests reveal popular e-cigarette liquids contain harmful chemicals","http://www.jsonline.com/watchdog/watchdogreports/lab-tests-reveal-popular-e-cigarette-liquids-contain-harmful-chemicals-b99583582z1-334833961.html"
"1-12-2015","Precious Lives","http://www.jsonline.com/news/crime/precious-lives-41-50-334418751.html"
"10-17-2015","Industry also funds courses on diet, sexual desire drugs","http://www.jsonline.com/watchdog/watchdogreports/industry-also-funds-courses-on-diet-sexual-desire-drugs-b99595171z1-333606751.html"
"10-17-2015","Wary of conflicts, universities taking less money from drug companies","http://www.jsonline.com/watchdog/watchdogreports/wary-of-conflicts-universities-taking-less-money-from-drug-companies-b99595173z1-333606801.html"
"10-17-2015","Testosterone courses downplay risks, lead to overuse in older men","http://www.jsonline.com/watchdog/watchdogreports/testosterone-courses-downplay-risks-lead-to-overuse-in-older-men-b99595151z1-333591801.html"
"10-15-2015","The Dark Money of Medicine ","http://www.jsonline.com/watchdog/risk-reward-dark-money-of-medicine-333061001.html"
"10-3-2015","A personal journey: 'I wanted to learn what happened'","http://www.jsonline.com/news/religion/a-personal-journey-i-wanted-to-learn-what-happened-b99587013z1-330524231.html"
"10-3-2015","Voices of ghosts: Remembering the Holocaust's mass killings","http://www.jsonline.com/news/religion/voices-of-ghosts-remembering-the-holocausts-mass-killings-b99587011z1-330519441.html"
"9-18-2015","Historian John Gurda defines Milwaukee as a 'City of Neighborhoods'","http://www.jsonline.com/entertainment/books/historian-john-gurda-defines-milwaukee-as-a-city-of-neighborhoods-b99567829z1-328198431.html"
"9-18-2015","Carol Deptolla's Top 30 restaurants of 2015","http://www.jsonline.com/entertainment/dining/carol-deptollas-top-30-restaurants-of-2015-b99572636z1-327940551.html"
"9-10-2015","New species of human found in South African cave","http://www.jsonline.com/news/usandworld/new-species-of-human-found-in-south-african-cave-b99564505z1-326046301.html"
"9-12-2015","High in Peru's Lake Titicaca, native fish threatened by North American trout","http://www.jsonline.com/news/usandworld/high-in-perus-lake-titicaca-native-fish-threatened-by-north-american-trout-b99566456z1-324411691.html"
"8-29-2015","Finding a second chance: One woman's sex trafficking ordeal","http://www.jsonline.com/news/crime/hitting-bottom-one-womans-story-of-human-trafficking-b99553756z1-323245781.html"
"1-12-2015","Precious Lives","http://www.jsonline.com/news/crime/precious-lives-episodes-31-40-322174202.html"
"8-1-2015","Eliquis claim about reduced deaths questioned by FDA reviewer","http://www.jsonline.com/watchdog/watchdogreports/eliquis-claim-about-reduced-deaths-questioned-by-fda-reviewer-b99545727z1-320378211.html"
"8-1-2015","Doctor with financial ties to drug-makers at center of sales boom of new anticoagulants","http://www.jsonline.com/watchdog/watchdogreports/doctor-with-financial-ties-to-drug-makers-at-center-of-sales-boom-of-new-anticoagulants-b99545722z1-320378201.html"
"8-1-2015","New anticoagulant drugs provide stroke prevention with dose of danger","http://www.jsonline.com/watchdog/watchdogreports/new-anticoagulant-drugs-provide-stroke-prevention-with-dose-of-danger-b99545719z1-320303991.html"
"7-18-2015","Minneapolis uses citywide plan to reduce youth violence","http://www.jsonline.com/news/crime/minneapolis-uses-citywide-plan-to-reduce-youth-violence-b99537782z1-316820251.html"
"7-17-2015","Brett Favre Rewind","http://www.jsonline.com/sports/packers/brett-favre-rewind-b99533527z1-315930031.html"
"8-12-2015","Whistling Straits Hole-by-Hole","http://www.jsonline.com/sports/golf/2015-pga-championship-at-whistling-straits-314972791.html"
"7-9-2015","A beer tour of Wisconsin's Driftless Region","http://www.jsonline.com/entertainment/beer/a-beer-tour-of-wisconsins-driftless-region-b99531104z1-312635931.html"
"6-20-2015","Coffee roasters' health at risk from chemical compound, air samples suggest","http://www.jsonline.com/watchdog/watchdogreports/coffee-roasters-health-at-risk-from-chemical-compound-air-samples-suggest-b99505149z1-308183961.html"
"6-8-2015","Milwaukee woman brings street level credibility to Safe Zone plan","http://www.jsonline.com/news/milwaukee/safe-promise-zones-help-prevent-neighborhood-violence-306495051.html"
"1-12-2015","Precious Lives","http://www.jsonline.com/news/crime/precious-lives-21-30-305850231.html"
"6-12-2015","A spotlight on newcomers to the Top Workplaces list","http://www.jsonline.com/business/2015-top-workplaces-in-southeastern-wisconsin-305184881.html"
"5-21-2015","Mastodon mystery","http://www.jsonline.com/news/wisconsin/researcher-unravels-century--old-wooly-tale-to-find-truth-behind-legendary-massive-bones-b99502786z1-304635421.html"
"5-17-2015","Weak oversight allows lab failures to put patients at risk","http://www.jsonline.com/watchdog/watchdogreports/weak-oversight-allows-lab-failures-to-put-patients-at-risk-303445851.html"
"4-17-2015","Approval of attention deficit drug for binge-eating disorder prompts concerns","http://www.jsonline.com/watchdog/watchdogreports/approval-of-attention-deficit-drug-for-binge-eating-disorder-prompts-concerns-b99470380z1-300351891.html"
"4-18-2015","Once hailed as a miracle treatment, fen-phen became a diet drug debacle","http://www.jsonline.com/watchdog/watchdogreports/once-hailed-as-a-miracle-treatment-fen-phen-became-a-diet-drug-debacle-b99470369z1-300351871.html"
"3-29-2015","For funeral director, violent death visits all too often","http://www.jsonline.com/news/crime/for-funeral-director-violent-death-visits-all-too-often-b99464912z1-297682711.html"
"1-12-2015","Precious Lives","http://www.jsonline.com/news/crime/precious-lives-11-20-297327931.html"
"3-14-2015","Powerful imaging system — and patient's voice — help guide brain surgeon","http://www.jsonline.com/news/health/powerful-imaging-system-and-patients-voice--help-guide-brain-surgeon-b99448949z1-296323421.html"
"3-3-2015","With 3 sons lost to gun violence, Leondis Fuller works to build up fathers","http://www.jsonline.com/news/milwaukee/with-3-sons-lost-to-gun-violence-leondis-fuller-works-to-build-up-fathers-b99454622z1-294892611.html"
"2-14-2015","Gasping for Action","http://www.jsonline.com/watchdog/watchdogreports/gasping-for-action-b99440601z1-291548941.html"
"2-10-2015","Tales from the front lines of the dating world","http://www.jsonline.com/features/tales-from-the-front-lines-of-the-dating-world-b99441921z1-291444941.html"
"2-10-2015","Before playground tragedy, shots were fired but no one hurt","http://www.jsonline.com/news/crime/before-playground-tragedy-shots-were-fired-but-no-one-hurt-b99437655z1-291309961.html"
"1-22-2015","6 Wisconsin Bands to Watch for 2015","http://www.jsonline.com/entertainment/musicandnightlife/6-wisconsin-bands-to-watch-for-2015-b99423545z1-289339111.html"
"1-20-2015","Shot at age 5, woman transcends scars — both seen and unseen","http://www.jsonline.com/news/crime/shot-at-age-5-woman-transcends-scars--both-seen-and-unseen-b99428567z1-289070081.html"
"1-12-2015","Precious Lives","http://www.jsonline.com/news/crime/precious-lives-288288531.html"
"1-10-2015","Young lives matter","http://www.jsonline.com/news/crime/Young-lives-matter-b99422266z1-288073251.html"
"1-3-2015","The Sorry Years","http://www.jsonline.com/sports/packers/the-sorry-years-b99418952z1-287342561.html"
"12-18-2014","Milwaukee to require mental health training for all officers","http://www.jsonline.com/watchdog/watchdogreports/milwaukee-to-require-mental-health-training-for-all-officers-b99411610z1-286290151.html"
"12-3-2014","Federal court stays execution of Wisconsin native Scott Panetti","http://www.jsonline.com/news/crime/federal-court-stays-execution-of-wisconsin-native-scott-panetti-b99402066z1-284625501.html"
"12-8-2014","A Great Lake revival","http://www.jsonline.com/news/wisconsin/A-Great-Lake-revival-b99397836z1-284551621.html"
"12-7-2014","Salmon crowned king, but its reign is wobbly","http://www.jsonline.com/news/wisconsin/Salmon-crowned-king-but-its-reign-is-wobbly-b99397825z1-284550501.html"
"12-6-2014","The man with the salmon plan","http://www.jsonline.com/news/wisconsin/The-man-with-the-salmon-plan-b99397807z1-284550491.html"
"12-2-2014","'60s Packers struggle against their final foe","http://www.jsonline.com/sports/packers/60s-packers-struggle-against-their-final-foe-b99400418z1-284516901.html"
"11-12-2014","A look at deaths in mixed martial arts and kickboxing since '07","http://www.jsonline.com/watchdog/watchdogreports/a-look-at-deaths-in-mixed-martial-arts-and-kickboxing-since-07-b99385809z1-282478941.html"
"11-12-2014","Milwaukee kickboxer died of head trauma, not sickle cell trait","http://www.jsonline.com/watchdog/watchdogreports/milwaukee-kickboxer-died-of-head-trauma-not-sickle-cell-trait-medical-examiner-says-b99386228z1-282478771.html"
"11-6-2014","MMA, other combat sports grow from underground fistfights to arena events","http://www.jsonline.com/watchdog/watchdogreports/MMA-other-combat-sports-grow-from-underground-fistfights-to-arena-events-b99373437z1-281717061.html"
"11-6-2014","Injuries a growing concern in MMA, other combat sports","http://www.jsonline.com/watchdog/watchdogreports/Injuries-a-growing-concern-in-MMA-other-combat-sports-b99373433z1-281716991.html"
"11-6-2014","Scientist and Son","http://www.jsonline.com/news/health/murrays-problem-scientist-and-son-281784391.html"
"11-6-2014","A Cruel Mistress","http://www.jsonline.com/news/health/murrays-problem-a-cruel-mistress-281785601.html"
"11-6-2014","Ghostly Threads","http://www.jsonline.com/news/health/murrays-problem-ghostly-threads-281786061.html"
"11-6-2014","Hope","http://www.jsonline.com/news/health/murrays-problem-hope-281786221.html"
"11-8-2014","Brett Favre, Found","http://www.jsonline.com/sports/packers/brett-favre-found-b99383084z1-281524621.html"
"10-22-2014","Milwaukee kickboxer Dennis Munson Jr.'s death follows cascade of errors by fight officials","http://www.jsonline.com/watchdog/watchdogreports/Milwaukee-kickboxer-Dennis-Munson-Jr-dies-following-cascade-of-errors-by-fight-officials-b99356847z1-280084622.html"
"9-24-2014","Sacred spaces","http://www.jsonline.com/entertainment/arts/art-city-explores-place-sacred-spaces-b99329942z1-276569591.html"
"9-16-2014","Anti monuments in Milwaukee and beyond","http://www.jsonline.com/entertainment/arts/art-city-explores-place-anti-monuments-in-milwaukee-and-beyond-b99329937z1-274357511.html"
"9-2-2014","Inspired places to sit","http://www.jsonline.com/entertainment/arts/art-city-explores-place-inspired-places-to-sit-still-273053771.html"
"9-11-2014","Poets investigate places of divide in Milwaukee's urban landscape","http://www.jsonline.com/entertainment/arts/poets-investigate-places-of-divide-in-milwaukees-urban-landscape-b99335006z1-272160351.html"
"8-20-2014","Art City Radio explores Place","http://www.jsonline.com/entertainment/arts/art-city-radio-explores-place-b99333264z1-271917301.html"
"8-19-2014","Milwaukee area's under-loved parks","http://www.jsonline.com/entertainment/arts/art-city-explores-place-under-loved-parks-271872511.html"
"7-26-2014","Leaping out of the lakes: Invasive mussels spread across America","http://www.jsonline.com/news/wisconsin/leaping-out-of-the-lakes-invasive-mussels-spread-across-america-b99297535z1-267015281.html"
"7-26-2014","Park chief put foot down on invasive species. Can others follow suit?","http://www.jsonline.com/news/wisconsin/park-chief-put-foot-down-on-invasive-species-can-others-follow-suit-b99297526z1-267014721.html"
"7-26-2014","Formidable invasive species won't be easy to keep out of Great Lakes","http://www.jsonline.com/news/wisconsin/formidable-invasive-species-wont-be-easy-to-keep-out-of-great-lakes-b99297517z1-267014431.html"
"7-26-2014","How invasive species changed the Great Lakes forever","http://www.jsonline.com/news/wisconsin/how-invasive-species-changed-the-great-lakes-forever-b99297128z1-267010971.html"
"2-8-2014","Bulk of $15 billion plan not directly tied to stopping Asian carp","http://www.jsonline.com/watchdog/watchdogreports/bulk-of-15-billion-plan-not-directly-tied-to-stopping-asian-carp-b99198589z1-244565881.html"
"1-21-2014","After decades of talk, it's time to act on mental health reform","http://www.jsonline.com/general/test-special-project-241310891.html"
"11-16-2013","Delays in newborn screening put babies at risk of disability and death","http://www.jsonline.com/general/template-recreate-test-248878361.html"
"5-3-2014","Democratic, Republican voters worlds apart in divided Wisconsin","http://www.jsonline.com/news/statepolitics/democratic-republican-voters-worlds-apart-in-divided-wisconsin-b99249564z1-255883361.html"
"5-6-2014","As split-ticket voting dies, elections ride on party turnout","http://www.jsonline.com/news/statepolitics/as-split-ticket-voting-dies-elections-ride-on-party-turnout-b99263094z1-258158921.html"
"5-10-2014","Far from creating fatigue, partisan battles energize voters","http://www.jsonline.com/news/statepolitics/far-from-creating-fatigue-partisan-battles-energize-voters-b99256305z1-258676961.html"
"6-6-2014","Top workplaces strive to keep employees happy, healthy and motivated","http://www.jsonline.com/business/2014-top-workplaces-in-southeastern-wisconsin-b99268357z1-258949991.html"
"5-13-2014","Legacy of Wisconsin's polarization: No consensus, little common ground","http://www.jsonline.com/news/statepolitics/polarized-wisconsins-legacy-no-consensus-little-common-ground-b99268173z1-258974221.html"
"6-7-2014","$5 billion revival leaves Milwaukee River cleaner, more valuable","http://www.jsonline.com/news/milwaukee/5-billion-revival-leaves-milwaukee-river-cleaner-more-valuable-b9948752z1-261880681.html"
"6-7-2014","Major changes and $5 billion improved Milwaukee, Menomonee and Kinnickinnic rivers","http://www.jsonline.com/news/milwaukee/major-changes-and-5-billion-improved-milwaukee-menomonee-and-kinnickinnic-rivers-b9948749z1-262135501.html"
"6-7-2014","Like Cleveland, Milwaukee had a river catch fire","http://www.jsonline.com/news/milwaukee/like-cleveland-milwaukee-had-a-river-catch-fire-b9996084z1-262114711.html"
"6-8-2014","RiverWalk, condo developments transformed Milwaukee riverfront","http://www.jsonline.com/news/milwaukee/riverwalk-condo-developments-transformed-milwaukee-riverfront-b9948754z1-262244291.html"
"6-7-2014","Getting Milwaukee's rivers to meet state water quality standards won't be easy","http://www.jsonline.com/news/milwaukee/getting-milwaukees-rivers-to-meet-state-water-quality-standards-wont-be-easy-b9948758z1-262245161.html"
"6-8-2014","Menomonee River development includes Harley-Davidson museum, Reed Street Yards","http://www.jsonline.com/news/milwaukee/menomonee-river-development-includes-harley-davidson-museum-reed-street-yards-b99225076z1-262299921.html"
"6-9-2014","Urban, rural runoff remains pollution problem for rivers today","http://www.jsonline.com/news/milwaukee/urban-rural-runoff-remains-pollution-problem-for-rivers-today-b9948756z1-262245021.html"
"6-14-2014","Health and wealth: Comparing Milwaukee and other metro areas","http://www.jsonline.com/news/health/262721121.html"
"?","City on a Hill: A history of urban health care in Milwaukee","http://www.jsonline.com/news/milwaukee/poor-health-city-on-a-hill-history-of-urban-health-care-in-milwaukee-262759521.html"
"6-14-2014","Health care: From the edges of society to a powerful industry","http://www.jsonline.com/news/health/poor-health-the-evolution-of-health-care-in-the-united-states-262817241.html"
"6-14-2014","Exploring the link between health care and poverty","http://www.jsonline.com/news/health/poverty-linked-to-bad-health-lack-of-care-b99284864z1-262898801.html"
"6-14-2014","7 factors that help make U.S. health care system expensive, inefficient","http://www.jsonline.com/news/health/7-factors-that-help-make-us-health-care-system-expensive-inefficient-b99284928z1-262899131.html"
"6-14-2014","Hospitals, doctors moving out of poor city neighborhoods to more affluent areas","http://www.jsonline.com/news/health/hospitals-doctors-moving-out-of-poor-city-neighborhoods-to-more-affluent-areas-b99284882z1-262899701.html"
"6-14-2014","In Milwaukee and U.S., hospitals follow money to suburbs","http://www.jsonline.com/news/health/in-milwaukee-and-us-hospitals-follow-money-to-suburbs-b99282952z1-262901951.html"
"6-14-2014","Interplay between poverty, health is complex","http://www.jsonline.com/news/health/interplay-between-poverty-health-is-complex-b99284906z1-262900891.html"
"6-28-2014","Medical malpractice lawsuits plummet in Wisconsin","http://www.jsonline.com/watchdog/watchdogreports/medical-malpractice-lawsuits-plummet-in-wisconsin-b99290329z1-264436841.html"
"6-28-2014","Medical lobby is a powerhouse in Wisconsin Capitol","http://www.jsonline.com/watchdog/watchdogreports/medical-lobby-is-a-powerhouse-in-wisconsin-capitol-b99291106z1-265030841.html"
"6-28-2014","No malpractice lawyers will take case in death of Wisconsin baby","http://www.jsonline.com/watchdog/watchdogreports/no-malpractice-lawyers-will-take-case-in-death-of-wisconsin-baby-b99274196z1-265035271.html"
"6-28-2014","Malpractice insurance business is booming in Wisconsin and nation","http://www.jsonline.com/watchdog/watchdogreports/malpractice-insurance-business-is-booming-in-wisconsin-and-nation-b99294575z1-265035931.html"
"8-5-2014","Access to specialty health care out of reach for low-income patients","http://www.jsonline.com/news/health/access-to-specialty-health-care-out-of-reach-for-low-income-patients-b99317393z1-269572121.html"
"8-12-2014","Streets and intersections we're drawn to","http://www.jsonline.com/entertainment/arts/streets-and-intersections-were-drawn-to-b99326005z1-270899651.html"
"9-6-2014","Oregon's test: Cut Medicaid costs while improving health care for poor","http://www.jsonline.com/news/health/oregons-test-cut-medicaid-costs-while-improving-health-care-for-poor-b99341361z1-273947651.html"
"9-6-2014","Philadelphia's approach: Can one-on-one attention bring down health costs?","http://www.jsonline.com/news/health/philadelphias-approach-can-one-on-one-attention-bring-down-health-costs-b99341363z1-273952631.html"
"9-6-2014","In Milwaukee, efforts aim to address gaps in health care system","http://www.jsonline.com/news/health/in-milwaukee-efforts-aim-to-address-gaps-in-health-care-system-b99340363z1-273960491.html"
"9-13-2014","Toxic algae cocktail brews in Lake Erie","http://www.jsonline.com/news/wisconsin/toxic-algae-cocktail-brews-in-lake-erie-b99344890z1-274542731.html"
"9-13-2014","Green water keeps beach-goers away from Lake Erie","http://www.jsonline.com/news/wisconsin/green-water-keeps-beach-goers-away-from-lake-erie-b99344900z1-274569831.html"
"9-13-2014","Dead zones haunt Green Bay as manure fuels algae blooms","http://www.jsonline.com/news/wisconsin/dead-zones-haunt-green-bay-as-manure-fuels-algae-blooms-die-offs-b99344902z1-274684741.html"
"9-13-2014","Changes in America's Dairyland foul the waters of Green Bay","http://www.jsonline.com/news/wisconsin/changes-in-americas-dairyland-foul-waters-of-green-bay-b99344904z1-274684891.html"
"10-18-2014","Across Wisconsin, uneven property assessments fly in the face of fairness","http://www.jsonline.com/watchdog/watchdogreports/across-wisconsin-uneven-property-assessments-fly-in-the-face-of-fairness-277614021.html"
"10-18-2014","How we identified problems in Wisconsin’s assessments system","http://www.jsonline.com/watchdog/watchdogreports/how-we-identified-problems-in-wisconsins-assessments-system-278669891.html"
"10-18-2014","Municipalities shifting to contractors to save money on assessments","http://www.jsonline.com/watchdog/watchdogreports/municipalities-shifting-to-contractors-to-save-money-on-assessments-b99329788z1-278659261.html"
"10-18-2014","Interactive table: Find your property assessor","http://www.jsonline.com/watchdog/watchdogreports/interactive-table-find-your-property-assessor-278697491.html"
"10-18-2014","Searchable database: How does your local assessor rate?","http://www.jsonline.com/watchdog/watchdogreports/searchable-database-how-does-your-local-assessor-rate-278698511.html"
"4-18-2015","Diet drug companies spent $60 million since 2010 amid push to win FDA approval for new products","http://www.jsonline.com/watchdog/watchdogreports/diet-drug-companies-spent-60-million-since-2010-amid-push-to-win-fda-approval-for-new-products-b9947-300357651.html"
"4-18-2015","After 13 years of wariness, FDA approves five potentially harmful new diet drugs","http://www.jsonline.com/watchdog/watchdogreports/fda-allows-5-potentially-harmful-products-on-market-b99470437z1-299885171.html"
"6-23-2015","A LEAP OF THEIR OWN","http://www.jsonline.com/sports/green-bay-blizzard-players-fight-for-shot-at-nfl-b99517917z1-308014431.html"
